{
  "version": 1,
  "engine": "basic",
  "tempo_global": 126.04801829268293,
  "beats": [
    6.698956916099773,
    7.093696145124716,
    7.511655328798186,
    7.929614512471655,
    8.40562358276644,
    8.881632653061224,
    9.357641723356009,
    9.833650793650794,
    10.309659863945578,
    10.7740589569161,
    11.261678004535147,
    11.737687074829932,
    12.213696145124716,
    12.689705215419501,
    13.165714285714285,
    13.630113378684808,
    14.05968253968254,
    14.535691609977324,
    15.000090702947846,
    15.545759637188208,
    16.021768707482995,
    16.497777777777777,
    16.973786848072564,
    17.449795918367347,
    17.925804988662133,
    18.36698412698413,
    18.877823129251702,
    19.353832199546485,
    19.841451247165534,
    20.317460317460316,
    20.78185941043084,
    21.257868480725623,
    21.73387755102041,
    22.209886621315192,
    22.69750566893424,
    23.173514739229024,
    23.64952380952381,
    24.125532879818593,
    24.60154195011338,
    25.0659410430839,
    25.55356009070295,
    26.02956916099773,
    26.505578231292517,
    26.9815873015873,
    27.457596371882087,
    27.93360544217687,
    28.409614512471656,
    28.897233560090704,
    29.396462585034012,
    29.849251700680274,
    30.325260770975056,
    30.778049886621314,
    31.230839002267572,
    31.730068027210883,
    32.25251700680272,
    32.774965986394555,
    33.274195011337866,
    33.78503401360544,
    34.27265306122449,
    34.66739229024943,
    35.12018140589569,
    35.54975056689342,
    36.04897959183673,
    36.548208616780045,
    37.05904761904762,
    37.52344671201814,
    38.04589569160998,
    38.55673469387755,
    39.05596371882086,
    39.62485260770975,
    40.08925170068027,
    40.56526077097506,
    41.01804988662131,
    41.48244897959184,
    41.970068027210885,
    42.43446712018141,
    42.887256235827664,
    43.36326530612245,
    43.80444444444444,
    44.23401360544218,
    44.73324263038549,
    45.255691609977326,
    45.75492063492064,
    46.23092970521542,
    46.69532879818594,
    47.18294784580499,
    47.63573696145125,
    48.18140589569161,
    48.66902494331066,
    49.1566439909297,
    49.60943310657596,
    50.03900226757369,
    50.50340136054422,
    50.95619047619048,
    51.39736961451247,
    51.85015873015873,
    52.291337868480724,
    52.8021768707483,
    53.25496598639456,
    53.69614512471655,
    54.1837641723356,
    54.67138321995465,
    55.17061224489796,
    55.646621315192746,
    56.122630385487525,
    56.58702947845805,
    57.03981859410431,
    57.492607709750565,
    57.95700680272109,
    58.38657596371882,
    58.862585034013605,
    59.350204081632654,
    59.82621315192744,
    60.31383219954648,
    60.778231292517006,
    61.28907029478458,
    61.765079365079366,
    62.24108843537415,
    62.64743764172336,
    63.135056689342406,
    63.64589569160998,
    64.1102947845805,
    64.62113378684808,
    65.07392290249433,
    65.54993197278911,
    66.0259410430839,
    66.50195011337868,
    66.96634920634921,
    67.45396825396826,
    67.92997732426304,
    68.40598639455783,
    68.88199546485261,
    69.35800453514739,
    69.83401360544218,
    70.31002267573696,
    70.78603174603174,
    71.26204081632653,
    71.76126984126984,
    72.23727891156463,
    72.70167800453515,
    73.16607709750566,
    73.64208616780046,
    74.11809523809524,
    74.59410430839003,
    75.07011337868481,
    75.54612244897959,
    76.03374149659864,
    76.49814058956916,
    76.98575963718821,
    77.45015873015873,
    77.92616780045351,
    78.4021768707483,
    78.87818594104309,
    79.35419501133786,
    79.83020408163266,
    80.3178231292517,
    80.79383219954649,
    81.26984126984127,
    81.74585034013606,
    82.22185941043084,
    82.69786848072562,
    83.17387755102041,
    83.64988662131519,
    84.12589569160998,
    84.60190476190476,
    85.07791383219954,
    85.55392290249434,
    86.02993197278911,
    86.5059410430839,
    86.93551020408164,
    87.45795918367347,
    87.93396825396826,
    88.39836734693877,
    88.88598639455782,
    89.35038548752834,
    89.83800453514739,
    90.30240362811791,
    90.76680272108844,
    91.20798185941042,
    91.76526077097506,
    92.22965986394559,
    92.70566893424036,
    93.18167800453514,
    93.64607709750567,
    94.12208616780045,
    94.59809523809524,
    95.07410430839002,
    95.55011337868481,
    96.02612244897959,
    96.50213151927437,
    96.9665306122449,
    97.45414965986394,
    97.93015873015872,
    98.40616780045352,
    98.8821768707483,
    99.35818594104309,
    99.84580498866214,
    100.32181405895692,
    100.7978231292517,
    101.26222222222222,
    101.72662131519274,
    102.2142403628118,
    102.69024943310657,
    103.16625850340137,
    103.64226757369615,
    104.11827664399092,
    104.59428571428572,
    105.0702947845805,
    105.5114739229025,
    106.02231292517007,
    106.49832199546485,
    106.97433106575964,
    107.45034013605442,
    107.9263492063492,
    108.402358276644,
    108.84353741496598,
    109.35437641723357,
    109.8419954648526,
    110.30639455782313,
    110.77079365079365,
    111.24680272108843,
    111.73442176870748,
    112.21043083900227,
    112.68643990929705,
    113.16244897959184,
    113.63845804988662,
    114.1144671201814,
    114.56725623582767,
    115.03165532879818,
    115.48444444444445,
    115.94884353741497,
    116.39002267573696,
    116.94730158730158,
    117.4117006802721,
    117.8528798185941,
    118.28244897959183,
    118.72362811791383,
    119.17641723356009,
    119.62920634920636,
    120.09360544217687,
    120.54639455782313,
    121.02240362811791,
    121.4984126984127,
    121.97442176870749,
    122.45043083900227,
    122.92643990929706,
    123.39083900226757,
    123.86684807256236,
    124.33124716553289,
    124.84208616780046,
    125.30648526077097,
    125.79410430839002,
    126.25850340136054,
    126.73451247165534,
    127.19891156462585,
    127.67492063492064,
    128.17414965986396,
    128.661768707483,
    129.13777777777779,
    129.61378684807255,
    130.08979591836734,
    130.5425850340136,
    131.00698412698412,
    131.49460317460318,
    131.97061224489795,
    132.4234013605442,
    132.88780045351473,
    133.3754195011338,
    133.86303854875283,
    134.3506575963719,
    134.79183673469387,
    135.27945578231294,
    135.77868480725624,
    136.25469387755103,
    136.74231292517007,
    137.18349206349205,
    137.6827210884354,
    138.13551020408164,
    138.54185941043085,
    138.95981859410432,
    139.4009977324263,
    139.8421768707483,
    140.3065759637188,
    140.7825850340136,
    141.2585941043084,
    141.73460317460317,
    142.1990022675737,
    142.6634013605442,
    143.12780045351474,
    143.60380952380953,
    144.06820861678005,
    144.5558276643991,
    145.0202267573696,
    145.48462585034014,
    145.9954648526077,
    146.48308390022675,
    146.9707029478458,
    147.4699319727891,
    147.95755102040818,
    148.43356009070294,
    148.89795918367346,
    149.362358276644,
    149.84997732426305,
    150.33759637188209,
    150.8019954648526,
    151.21995464852608,
    151.69596371882085,
    152.20680272108842,
    152.68281179138322,
    153.18204081632652,
    153.64643990929704,
    154.12244897959184,
    154.59845804988663,
    155.0744671201814,
    155.53886621315192,
    156.02648526077098,
    156.50249433106575,
    156.97850340136054,
    157.45451247165533,
    157.9305215419501,
    158.4065306122449,
    158.8825396825397,
    159.35854875283448,
    159.83455782312924,
    160.33378684807255,
    160.80979591836734,
    161.2625850340136,
    161.7385941043084,
    162.21460317460318,
    162.69061224489795,
    163.16662131519274,
    163.64263038548754,
    164.13024943310657,
    164.60625850340136,
    165.0706575963719,
    165.55827664399092,
    166.02267573696145,
    166.49868480725624,
