{
  "version": 1,
  "engine": "advanced",
  "tempo_global": 126.04801829268293,
  "beats": [],
  "strength": [],
  "tempo_curve": {
    "t": [
      0.0
    ],
    "bpm": [
      126.04801829268293
    ]
  },
  "debug": {
    "sr": 44100,
    "duration": 184.97306122448978,
    "onset_env_peak": 14.266231536865234,
    "onset_env_mean": 0.920815646648407,
    "preprocessing": {
      "hpss_percussive_peak": 0.6631025075912476,
      "hpss_percussive_rms": 0.06198172643780708,
      "transient_peak": 0.5520638823509216,
      "transient_rms": 0.03186361491680145
    }
  }
}