{
  "version": 1,
  "engine": "advanced",
  "tempo_global": 120.18531976744185,
  "beats": [],
  "strength": [],
  "tempo_curve": {
    "t": [
      0.0
    ],
    "bpm": [
      120.18531976744185
    ]
  },
  "debug": {
    "sr": 44100,
    "duration": 171.93795918367346,
    "onset_env_peak": 18.73314094543457,
    "onset_env_mean": 0.8383300304412842,
    "preprocessing": {
      "hpss_percussive_peak": 0.5935953855514526,
      "hpss_percussive_rms": 0.06558038294315338,
      "transient_peak": 0.42556607723236084,
      "transient_rms": 0.03189220651984215
    }
  }
}