{
  "audio": "media_samples/song.mp3",
  "sr": 44100,
  "tempo": 126.04801829268293,
  "beats_sec": [
    6.698956916099773,
    7.22140589569161,
    7.697414965986394,
    8.161814058956915,
    8.649433106575964,
    9.113832199546485,
    9.58984126984127,
    10.031020408163265,
    10.530249433106576,
    11.017868480725623,
    11.505487528344672,
    11.969886621315192,
    12.45750566893424,
    12.921904761904761,
    13.40952380952381,
    13.850702947845805,
    14.32671201814059,
    14.79111111111111,
    15.313560090702948,
    15.777959183673469,
    16.265578231292515,
    16.72997732426304,
    17.205986394557822,
    17.589115646258502,
    18.04190476190476,
    18.42503401360544,
    18.889433106575964,
    19.365442176870747,
    19.841451247165534,
    20.317460317460316,
    20.78185941043084,
    21.269478458049885,
    21.745487528344672,
    22.209886621315192,
    22.69750566893424,
    23.173514739229024,
    23.64952380952381,
    24.125532879818593,
    24.60154195011338,
    25.054331065759637,
    25.55356009070295,
    26.02956916099773,
    26.505578231292517,
    26.9815873015873,
    27.457596371882087,
    27.93360544217687,
    28.409614512471656,
    28.897233560090704,
    29.373242630385487,
    29.849251700680274,
    30.33687074829932,
    30.83609977324263,
    31.33532879818594,
    31.7881179138322,
    32.25251700680272,
    32.774965986394555,
    33.274195011337866,
    33.78503401360544,
    34.27265306122449,
    34.66739229024943,
    35.12018140589569,
    35.54975056689342,
    36.04897959183673,
    36.55981859410431,
    37.07065759637188,
    37.55827664399093,
    38.05750566893424,
    38.55673469387755,
    39.05596371882086,
    39.62485260770975,
    40.100861678004534,
    40.56526077097506,
    41.01804988662131,
    41.48244897959184,
    41.95845804988662,
    42.43446712018141,
    42.887256235827664,
    43.35165532879819,
    43.79283446712018,
    44.23401360544218,
    44.73324263038549,
    45.244081632653064,
    45.75492063492064,
    46.242539682539686,
    46.69532879818594,
    47.18294784580499,
    47.62412698412698,
    48.10013605442177,
    48.587755102040816,
    49.075374149659865,
    49.562993197278914,
    50.03900226757369,
    50.491791383219955,
    50.95619047619048,
    51.39736961451247,
    51.85015873015873,
    52.291337868480724,
    52.8021768707483,
    53.25496598639456,
    53.707755102040814,
    54.1837641723356,
    54.67138321995465,
    55.1590022675737,
    55.646621315192746,
    56.122630385487525,
    56.58702947845805,
    57.03981859410431,
    57.492607709750565,
    57.94539682539683,
    58.38657596371882,
    58.862585034013605,
    59.350204081632654,
    59.8378231292517,
    60.30222222222222,
    60.766621315192744,
    61.28907029478458,
    61.765079365079366,
    62.194648526077096,
    62.64743764172336,
    63.135056689342406,
    63.64589569160998,
    64.1102947845805,
    64.62113378684808,
    65.0855328798186,
    65.54993197278911,
    66.0259410430839,
    66.50195011337868,
    66.95473922902494,
    67.45396825396826,
    67.92997732426304,
    68.40598639455783,
    68.88199546485261,
    69.35800453514739,
    69.83401360544218,
    70.31002267573696,
    70.78603174603174,
    71.26204081632653,
    71.76126984126984,
    72.23727891156463,
    72.70167800453515,
    73.16607709750566,
    73.64208616780046,
    74.11809523809524,
    74.59410430839003,
    75.07011337868481,
    75.55773242630386,
    76.03374149659864,
    76.50975056689343,
    76.98575963718821,
    77.46176870748299,
    77.93777777777778,
    78.41378684807256,
    78.88979591836734,
    79.35419501133786,
    79.84181405895691,
    80.3178231292517,
    80.79383219954649,
    81.26984126984127,
    81.74585034013606,
    82.22185941043084,
    82.69786848072562,
    83.17387755102041,
    83.64988662131519,
    84.12589569160998,
    84.60190476190476,
    85.07791383219954,
    85.55392290249434,
    86.02993197278911,
    86.5059410430839,
    86.93551020408164,
    87.44634920634921,
    87.85269841269842,
    88.24743764172335,
    88.6421768707483,
    89.11818594104308,
    89.66385487528345,
    90.1514739229025,
    90.6855328798186,
    91.20798185941042,
    91.76526077097506,
    92.21804988662132,
    92.70566893424036,
    93.18167800453514,
    93.64607709750567,
    94.12208616780045,
    94.59809523809524,
    95.07410430839002,
    95.55011337868481,
    96.02612244897959,
    96.50213151927437,
    96.9665306122449,
    97.45414965986394,
    97.93015873015872,
    98.40616780045352,
    98.8821768707483,
    99.35818594104309,
    99.84580498866214,
    100.32181405895692,
    100.7978231292517,
    101.26222222222222,
    101.72662131519274,
    102.2142403628118,
    102.69024943310657,
    103.16625850340137,
    103.64226757369615,
    104.11827664399092,
    104.59428571428572,
    105.0702947845805,
    105.5114739229025,
    106.02231292517007,
    106.49832199546485,
    106.97433106575964,
    107.45034013605442,
    107.9263492063492,
    108.402358276644,
    108.84353741496598,
    109.35437641723357,
    109.8419954648526,
    110.29478458049887,
    110.7591836734694,
    111.24680272108843,
    111.74603174603175,
    112.22204081632653,
    112.69804988662132,
    113.16244897959184,
    113.63845804988662,
    114.12607709750567,
    114.56725623582767,
    115.03165532879818,
    115.48444444444445,
    115.9720634920635,
    116.45968253968255,
    116.94730158730158,
    117.4117006802721,
    117.86448979591837,
    118.2940589569161,
    118.74684807256236,
    119.18802721088436,
    119.62920634920636,
    120.09360544217687,
    120.54639455782313,
    121.01079365079364,
    121.4984126984127,
    121.97442176870749,
    122.45043083900227,
    122.92643990929706,
    123.39083900226757,
    123.86684807256236,
    124.33124716553289,
    124.84208616780046,
    125.31809523809524,
    125.79410430839002,
    126.27011337868481,
    126.73451247165534,
    127.19891156462585,
    127.67492063492064,
    128.1625396825397,
    128.661768707483,
    129.13777777777779,
    129.6021768707483,
    130.07818594104307,
    130.5425850340136,
    131.00698412698412,
    131.49460317460318,
    131.97061224489795,
    132.4234013605442,
    132.88780045351473,
    133.3754195011338,
    133.86303854875283,
    134.3506575963719,
    134.79183673469387,
    135.27945578231294,
    135.77868480725624,
    136.25469387755103,
    136.71909297052153,
    137.18349206349205,
    137.6827210884354,
    138.13551020408164,
    138.55346938775511,
    138.97142857142856,
    139.41260770975057,
    139.8421768707483,
    140.3065759637188,
    140.7825850340136,
    141.2585941043084,
    141.73460317460317,
    142.1990022675737,
    142.6634013605442,
    143.139410430839,
    143.6154195011338,
    144.06820861678005,
    144.5558276643991,
    145.0202267573696,
    145.48462585034014,
    145.94902494331066,
    146.41342403628119,
    146.88943310657595,
    147.377052154195,
    147.86467120181405,
    148.3522902494331,
    148.85151927437641,
    149.35074829931972,
    149.84997732426305,
    150.33759637188209,
    150.77877551020407,
    151.21995464852608,
    151.69596371882085,
    152.20680272108842,
    152.67120181405895,
    153.1936507936508,
    153.64643990929704,
    154.12244897959184,
    154.59845804988663,
    155.0744671201814,
    155.53886621315192,
    156.02648526077098,
    156.50249433106575,
    156.97850340136054,
    157.45451247165533,
    157.9305215419501,
    158.4065306122449,
    158.8825396825397,
    159.35854875283448,
    159.83455782312924,
    160.33378684807255,
    160.80979591836734,
    161.27419501133787,
    161.7385941043084,
    162.22621315192742,
    162.69061224489795,
    163.16662131519274,
    163.64263038548754,
    164.13024943310657,
    164.60625850340136,
    165.08226757369616,
    165.55827664399092,
    166.02267573696145,
